{
  "web": {
    "client_id": "191984639056-78pl5a8bnrhdi8ibfs3dpchoh9gkm2oe.apps.googleusercontent.com",
    "project_id": "djpack-1717881443479",
    "auth_uri": "https://accounts.google.com/o/oauth2/auth",
    "token_uri": "https://oauth2.googleapis.com/token",
    "auth_provider_x509_cert_url": "https://www.googleapis.com/oauth2/v1/certs",
    "client_secret": "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",
    "redirect_uris": ["http://127.0.0.1:8000/", "http://127.0.0.1:8000/accounts/google/login/callback/"]
  }
}
